countryorigin_iso3,tq,row_count,measure_sum
CHN,2015q4,178562,190892099172
CHN,2015q3,168308,182891830633
CHN,2015q1,109734,140597102378
CHN,2015q2,133022,137224103239
JPN,2015q4,132103,115091693695
JPN,2015q3,128445,105858962864
USA,2015q4,69624,90690074518
USA,2015q3,67794,89082158219
KOR,2015q3,38302,86463291845
KOR,2015q4,39145,82102853072
TWN,2015q3,30781,77972760677
THA,2015q4,27158,76944045323
TWN,2015q4,31523,67355379220
SGP,2015q4,62819,66319437226
THA,2015q3,27124,65627656768
SGP,2015q3,65063,64712088034
USA,2015q2,43692,62229399976
SAU,2015q2,153,58017821645
THA,2015q1,15004,55159486010
KOR,2015q2,20816,54880585970
THA,2015q2,17577,54408263773
TWN,2015q2,17834,54377520333
SGP,2015q2,46714,51145417814
USA,2015q1,28149,49519502761
SGP,2015q1,33753,47922905422
IDN,2015q3,9592,45549200628
TWN,2015q1,12933,45267627719
SAU,2015q3,132,45166931780
JPN,2015q2,57505,44799078950
KOR,2015q1,13800,43360543137
MYS,2015q3,21222,43306841496
MYS,2015q4,20827,42629682032
MYS,2015q1,9872,42255779888
IDN,2015q4,10050,41401926558
IDN,2015q2,8169,40265286655
JPN,2015q1,34322,38812771914
IDN,2015q1,8008,35717431606
MYS,2015q2,12959,33549591914
HKG,2015q3,35119,30660673952
HKG,2015q4,35212,30333437593
DEU,2015q3,22194,30133419280
SAU,2015q1,196,28887788740
SAU,2015q4,121,26824370206
KWT,2015q4,33,26302240094
VNM,2015q4,8304,25066567110
VNM,2015q3,8191,23031505755
KWT,2015q3,13,20392828529
VNM,2015q2,4981,19766179120
DEU,2015q2,15676,18648834361
IND,2015q3,8641,18582860379
IND,2015q4,8178,18166978825
DEU,2015q4,22044,17974739036
DEU,2015q1,11403,17283603811
FRA,2015q1,3517,15418483255
IND,2015q1,6833,15245769580
HKG,2015q2,19371,14965857843
VNM,2015q1,4031,13696150315
IND,2015q2,7151,12261233533
FRA,2015q3,6692,11988467037
AUS,2015q2,5208,11511142529
RUS,2015q4,91,11503134446
ARE,2015q1,607,11431551322
FRA,2015q4,6530,10263891533
HKG,2015q1,12132,10106070971
QAT,2015q2,82,10091029353
AUS,2015q1,4902,9928291626
AUS,2015q3,6196,9507575278
QAT,2015q1,88,9150584695
AUS,2015q4,5801,9056357565
RUS,2015q1,57,8418215403
ARE,2015q3,893,8342974991
ITA,2015q4,6194,8108693172
BRA,2015q4,834,7734163603
QAT,2015q3,96,7438887423
RUS,2015q2,104,7356561944
GBR,2015q3,8046,7195072027
FRA,2015q2,4861,6967073736
CAN,2015q2,1817,6876432530
BRA,2015q3,736,6820923903
CAN,2015q3,2178,6559492894
ARG,2015q4,288,6538448145
NZL,2015q1,1484,6525698691
NLD,2015q4,4357,6472621915
NZL,2015q2,1470,6230960957
GBR,2015q4,8344,6182311622
GBR,2015q2,5130,5712720951
NLD,2015q3,4211,5680161009
RUS,2015q3,149,5659047238
ARE,2015q2,706,5646696620
ITA,2015q2,5111,5554118168
ITA,2015q3,6403,5444578014
MANY,2015q4,11734,5436554843
NLD,2015q2,3101,5436519252
ESP,2015q3,2918,5411847703
ITA,2015q1,4006,5274252202
NZL,2015q3,1303,5087894324
ESP,2015q2,2955,5053260363
NLD,2015q1,2189,4907328727
CAN,2015q4,2342,4818628271
BEL,2015q4,3390,4570742624
CHE,2015q4,3712,4508985341
BRA,2015q1,716,4499313946
CHE,2015q1,2397,4472817400
MANY,2015q3,9767,4466527678
ESP,2015q4,3178,4322128391
CHE,2015q3,3802,4317356162
ARE,2015q4,645,4224540856
KWT,2015q2,10,4148084201
CHE,2015q2,2678,4122182124
NZL,2015q4,1341,4050201275
ESP,2015q1,2452,3940002886
CAN,2015q1,1563,3910780984
QAT,2015q4,113,3806632486
ARG,2015q3,397,3759536666
BEL,2015q3,3509,3726978977
GBR,2015q1,3872,3613514201
UKR,2015q4,177,3350729046
BEL,2015q2,2710,3149865814
BRA,2015q2,761,3148858224
MANY,2015q2,8060,3095080456
FIN,2015q3,755,2943145950
MANY,2015q1,6591,2628074491
BEL,2015q1,2290,2570232723
FIN,2015q2,679,2294855167
UKR,2015q1,121,2139947770
ARG,2015q1,186,2034265814
SWE,2015q3,1980,1949306488
FIN,2015q1,565,1839871747
SWE,2015q1,1508,1787642641
PAK,2015q3,334,1783649408
TUR,2015q4,733,1752743550
MEX,2015q4,1176,1738528309
DNK,2015q4,1350,1659491398
FIN,2015q4,758,1658748612
IRL,2015q1,480,1656032918
ISR,2015q4,1139,1626024838
PRK,2015q2,154,1623069933
PNG,2015q4,56,1546211051
SWE,2015q4,1958,1525031026
AUT,2015q4,1226,1486336046
URY,2015q3,779,1467503060
SWE,2015q2,1709,1428578572
IRL,2015q2,530,1424859848
DNK,2015q3,1395,1410792184
IRL,2015q3,1123,1355050355
TUR,2015q3,756,1348103610
ISR,2015q3,1257,1319455171
DNK,2015q1,967,1302171623
PRK,2015q3,202,1251683652
IRN,2015q2,27,1223097790
IRL,2015q4,1176,1199223324
AUT,2015q3,1119,1197974124
MEX,2015q3,1108,1172302290
PAK,2015q1,486,1164066390
PRK,2015q1,138,1155235850
TUR,2015q1,595,1151273781
NGA,2015q3,15,1141672855
PNG,2015q3,65,1123674554
DNK,2015q2,1194,1099720654
PAK,2015q4,368,1076006900
TUR,2015q2,647,1048178217
ISR,2015q2,657,1047623938
URY,2015q2,559,1044527093
PAK,2015q2,322,1035845961
PNG,2015q2,39,1013404405
ZAF,2015q3,340,945248670
CZE,2015q4,688,922422007
URY,2015q4,511,920415280
UKR,2015q3,71,914019816
UKR,2015q2,122,888671729
ARG,2015q2,218,881072869
PNG,2015q1,34,879008556
CZE,2015q3,651,867501786
MEX,2015q2,596,864127445
AUT,2015q2,688,824561897
NGA,2015q2,6,810823474
URY,2015q1,446,774957780
ZAF,2015q4,312,653652723
ZAF,2015q1,202,652523252
NOR,2015q2,238,636464972
MEX,2015q1,325,627624321
LKA,2015q1,180,608277582
ZAF,2015q2,259,592767299
NOR,2015q1,368,527946521
PRK,2015q4,206,488968161
IRN,2015q1,31,464600937
BGD,2015q3,773,461105608
NGA,2015q4,11,451301364
NGA,2015q1,3,448317670
POL,2015q1,144,443930106
CHL,2015q2,313,442740215
BGR,2015q4,96,434577918
CHL,2015q1,174,433292326
ISR,2015q1,350,416630605
POL,2015q3,458,390728554
BGD,2015q1,893,389564423
NOR,2015q3,281,376863598
CZE,2015q2,321,361676507
KHM,2015q4,419,357859048
BGD,2015q4,747,344143614
NOR,2015q4,330,343632291
SLB,2015q3,29,339868716
BGD,2015q2,778,325632512
MAC,2015q1,126,325514785
BGR,2015q1,74,309191343
POL,2015q2,250,299398354
MMR,2015q2,64,298666842
POL,2015q4,414,286144194
BGR,2015q2,84,280645773
AUT,2015q1,381,277545663
CHL,2015q3,150,259904669
LKA,2015q2,133,257089548
KEN,2015q1,3,253793655
OMN,2015q1,62,240390298
KHM,2015q3,483,239864555
BGR,2015q3,90,234352255
HUN,2015q4,403,222910986
BLR,2015q2,4,222415421
ANT,2015q3,22,215604087
BLR,2015q4,15,211811854
MMR,2015q1,72,211581052
MAC,2015q3,177,205444238
CHL,2015q4,115,192302466
KHM,2015q2,274,188146363
ZAR,2015q3,4,182729512
COL,2015q4,63,179615032
MMR,2015q3,56,177486258
HRV,2015q2,12,170970763
SLB,2015q4,33,170050897
MAC,2015q2,252,159424700
MMR,2015q4,69,157311926
COL,2015q3,56,156803332
DZA,2015q4,2,151096158
BRN,2015q3,24,150993342
DZA,2015q3,2,147402169
PRY,2015q4,6,144158020
HUN,2015q2,140,141405756
GRC,2015q4,67,138973260
PER,2015q4,35,135736596
DOM,2015q4,21,135364984
COL,2015q2,41,135296378
COL,2015q1,29,130765388
OMN,2015q2,25,129701160
SYC,2015q1,18,127908229
HRV,2015q4,57,125571395
HUN,2015q1,66,123151777
MLT,2015q3,43,122684020
CZE,2015q1,132,121007355
GRC,2015q3,61,120394065
KHM,2015q1,394,118713620
SVN,2015q4,124,117952026
MHL,2015q2,7,117417414
ECU,2015q4,24,112615328
BLR,2015q3,13,109562693
PRI,2015q4,43,108172819
PAN,2015q4,18,107013085
ANT,2015q4,25,104866605
LKA,2015q3,185,103119352
JOR,2015q3,10,102629455
BLR,2015q1,3,102396905
HUN,2015q3,324,101539245
JOR,2015q2,8,98852996
LKA,2015q4,151,97437422
ECU,2015q3,22,96870123
PRT,2015q3,192,95738785
KEN,2015q2,3,93250630
MLT,2015q4,38,89374051
EGY,2015q2,28,85756159
OMN,2015q3,41,84112147
PER,2015q1,15,82112854
GRC,2015q1,49,78550603
TZA,2015q3,19,78452765
MWI,2015q3,14,76554146
MAR,2015q4,61,75724769
ZMB,2015q4,8,75552495
LTU,2015q2,23,72662757
NTZ,2015q2,40,71804159
ROU,2015q3,99,69882647
PRT,2015q4,272,68708742
MHL,2015q1,8,67471273
SLB,2015q1,16,66447940
SYC,2015q3,11,64895608
GRC,2015q2,58,64854731
PER,2015q2,28,64814200
CRI,2015q3,116,64068811
SYC,2015q2,8,63751695
SVN,2015q2,51,62694017
VUT,2015q3,3,62165546
JOR,2015q1,12,61886142
EGY,2015q3,53,61754221
HRV,2015q1,17,60260365
KEN,2015q3,23,58958495
NTZ,2015q1,61,58460430
CYP,2015q1,24,58004796
CRI,2015q4,98,57784408
OMN,2015q4,35,57672534
PER,2015q3,22,57168528
BRN,2015q2,16,56541702
PRI,2015q3,22,55089532
SVN,2015q3,100,54175543
EGY,2015q1,36,53339281
ROU,2015q1,27,53166097
LTU,2015q4,26,50217150
KWT,2015q1,12,49399483
VUT,2015q4,1,47690229
CRI,2015q2,39,47649412
FJI,2015q4,2,47360332
LIE,2015q3,174,47212563
MAR,2015q2,18,46486611
MWI,2015q4,9,46046939
MAR,2015q3,97,45116201
VGB,2015q4,1,44470494
SVK,2015q2,36,44442742
ZWE,2015q3,6,43934402
ISL,2015q1,7,43502406
VGB,2015q2,19,42392318
PRY,2015q2,4,41841128
CUB,2015q3,8,41426937
ANT,2015q1,19,40935635
MWI,2015q1,2,40566460
KEN,2015q4,32,40074338
HND,2015q3,26,38806070
TUN,2015q4,11,38678418
CUB,2015q4,12,38305184
CRI,2015q1,10,37746448
TUN,2015q3,10,37124488
SVK,2015q3,37,35847827
MDA,2015q1,10,35809962
BHR,2015q3,21,35636458
ROU,2015q2,40,35369095
JOR,2015q4,8,35133984
CYP,2015q4,45,34947300
BRN,2015q1,8,34677023
LTU,2015q1,11,34612744
LUX,2015q1,17,34344944
MLT,2015q2,30,33358472
PRT,2015q1,85,32482413
ANT,2015q2,15,32456819
LTU,2015q3,22,32439634
ZMB,2015q3,6,32348410
ROU,2015q4,61,32106543
EST,2015q4,14,31993307
SVK,2015q4,70,31851600
CYP,2015q2,34,31234896
CYM,2015q4,7,30504538
LIE,2015q4,130,30485141
HRV,2015q3,55,30012042
MUS,2015q4,12,29420528
SYC,2015q4,7,28251825
MOZ,2015q3,7,27855411
MUS,2015q3,11,27703971
TZA,2015q2,5,27677277
PRT,2015q2,98,27541819
ZMB,2015q2,4,26435395
SVN,2015q1,31,26214285
ZWE,2015q1,4,25992484
GUM,2015q3,118,25851070
BHR,2015q4,22,25480357
LUX,2015q4,58,25148551
MHL,2015q4,9,24856891
MAC,2015q4,100,24773805
CYM,2015q3,6,24391113
NFK,2015q1,5,23513392
IRN,2015q3,13,23502745
LUX,2015q3,40,23383041
GTM,2015q3,13,23253026
KIR,2015q3,3,23251743
LIE,2015q2,43,22768474
BIH,2015q4,6,22461876
MOZ,2015q2,8,21969059
MOZ,2015q1,5,21779176
NTZ,2015q3,40,21773338
SLB,2015q2,14,21628540
GUM,2015q4,107,19794221
ETH,2015q1,8,19385379
GEO,2015q1,8,19303378
BIH,2015q3,6,18134163
GHA,2015q4,4,17963031
TZA,2015q4,5,17862816
MWI,2015q2,9,17579524
GEO,2015q2,19,17572626
MOZ,2015q4,6,17533356
LVA,2015q4,11,17072987
GUM,2015q2,59,16918190
EGY,2015q4,35,16881782
BHR,2015q1,6,16699764
GTM,2015q4,9,15890501
BHR,2015q2,11,15861757
CYP,2015q3,35,15858668
MAR,2015q1,10,15385069
TZA,2015q1,4,15381360
GUY,2015q1,1,14647583
NTZ,2015q4,26,14575100
NAM,2015q3,12,14308086
KGZ,2015q1,3,12627560
LAO,2015q3,3,12530746
LVA,2015q2,10,12431222
MNG,2015q4,3,12109756
ZWE,2015q2,3,12082231
AGO,2015q3,4,11752842
VEN,2015q1,2,11727381
TCA,2015q3,5,11668619
GEO,2015q4,17,11367989
TON,2015q3,2,11276837
ZWE,2015q4,2,10984853
PRI,2015q2,3,10701128
IRN,2015q4,18,10658017
EST,2015q3,17,10638165
SRB,2015q3,2,10436379
KGZ,2015q2,2,10325832
MHL,2015q3,6,10260404
AND,2015q4,2,9928679
GEO,2015q3,17,9676508
ISL,2015q2,2,9657721
GUY,2015q3,3,9131188
NAM,2015q4,8,9114315
TUN,2015q2,5,8939309
GTM,2015q2,8,8740884
LBN,2015q1,20,8327844
ZMB,2015q1,2,8292766
MDA,2015q2,2,8242738
NFK,2015q4,1,8206372
GAB,2015q3,4,7829157
PRY,2015q3,3,7799480
ETH,2015q3,6,7496956
SVK,2015q1,9,7170690
CYM,2015q2,3,7025857
EST,2015q2,10,6846886
LBN,2015q3,10,6755391
ECU,2015q2,3,6726633
ISL,2015q4,15,6476669
VGB,2015q1,10,6240624
LUX,2015q2,12,6030055
JAM,2015q1,4,5934606
CIV,2015q4,7,5426055
EST,2015q1,9,5236194
NFK,2015q2,3,5138558
TCD,2015q3,2,5103149
MUS,2015q2,9,5025476
VGB,2015q3,9,5020216
BIH,2015q2,5,4924137
AND,2015q3,3,4748724
AIA,2015q4,17,4690247
ETH,2015q2,4,4626909
DMA,2015q3,1,4406190
SYR,2015q3,2,4372548
LVA,2015q3,5,4355250
SLV,2015q1,10,4214590
LAO,2015q2,4,4161497
KAZ,2015q4,1,4141364
GUM,2015q1,72,4125960
LBN,2015q4,13,4121163
NFK,2015q3,1,4086670
SLV,2015q2,23,4052835
PAN,2015q1,6,4018916
SWZ,2015q2,1,3997960
HND,2015q2,5,3973799
BRN,2015q4,21,3955174
TGO,2015q3,1,3952233
NIC,2015q4,9,3949583
KGZ,2015q3,2,3914414
MDA,2015q3,2,3867852
BRB,2015q4,4,3743707
CIV,2015q2,2,3658244
ZAR,2015q4,2,3613885
FRO,2015q3,2,3490717
JAM,2015q2,23,3304446
ALB,2015q4,16,3269863
AZE,2015q3,2,3200070
NIC,2015q3,7,3185203
MUS,2015q1,4,3076379
FLK,2015q1,1,3056506
SLV,2015q3,54,3000805
BLZ,2015q3,4,2929994
NCL,2015q4,3,2920753
CUB,2015q1,1,2885740
GRL,2015q2,2,2867563
DOM,2015q2,11,2846670
HND,2015q1,11,2806306
JAM,2015q3,6,2799041
SRB,2015q4,5,2793252
PAN,2015q3,18,2789033
BIH,2015q1,2,2753530
HND,2015q4,25,2711067
ATF,2015q3,1,2692682
AZE,2015q1,1,2654770
BLZ,2015q2,2,2582168
SLV,2015q4,55,2484788
BLZ,2015q4,2,2478223
UGA,2015q1,1,2308446
CMR,2015q1,4,2280461
GHA,2015q2,5,2163970
VIR,2015q1,2,2147612
ECU,2015q1,5,2083741
FRO,2015q2,1,1964737
NIC,2015q2,3,1963648
JAM,2015q4,7,1906311
SDN,2015q3,1,1866505
MLI,2015q4,5,1859300
CMR,2015q4,4,1801180
ISL,2015q3,2,1778679
FRO,2015q1,1,1755256
NIC,2015q1,2,1753665
LSO,2015q1,2,1742543
PAN,2015q2,11,1708351
MDV,2015q1,6,1664559
CUB,2015q2,2,1654314
ASM,2015q4,1,1617296
VIR,2015q2,2,1612618
GAB,2015q1,1,1580123
CMR,2015q2,2,1568342
TUN,2015q1,5,1558166
AND,2015q2,3,1551437
ETH,2015q4,9,1535022
MLT,2015q1,4,1477334
PRY,2015q1,1,1461760
MDV,2015q3,4,1450424
AIA,2015q3,9,1429763
SLE,2015q4,4,1422141
PRI,2015q1,1,1345340
DOM,2015q3,12,1338150
SUR,2015q4,1,1323213
BOL,2015q3,2,1316648
UZB,2015q2,2,1314503
ATG,2015q4,1,1309184
BLZ,2015q1,1,1271144
TCD,2015q1,1,1218043
TCA,2015q1,3,1179955
MDV,2015q4,5,1053194
CIV,2015q3,2,1050125
NCL,2015q3,2,994870
ALB,2015q3,16,947695
MDV,2015q2,2,929194
SRB,2015q2,4,922778
CXR,2015q3,2,902440
GAB,2015q4,2,881001
VIR,2015q4,2,805756
CMR,2015q3,2,803306
CXR,2015q4,1,791253
SWZ,2015q3,1,782172
UGA,2015q2,3,765613
AZE,2015q2,1,737227
ARM,2015q4,4,730770
CYM,2015q1,6,712756
NPL,2015q3,6,692524
LSO,2015q4,1,688955
LBR,2015q3,1,672929
LBR,2015q2,1,659593
PLW,2015q3,1,654162
ASM,2015q3,1,625411
ATA,2015q3,1,594836
MDG,2015q4,2,589930
AFG,2015q3,3,567713
LVA,2015q1,3,549004
LAO,2015q1,2,518402
FJI,2015q2,2,513071
MDG,2015q2,1,498476
LBY,2015q1,1,495947
MLI,2015q3,2,481375
GHA,2015q3,5,480852
HTI,2015q1,4,474397
FJI,2015q1,1,473476
CAF,2015q3,1,443357
AZE,2015q4,1,403580
MDG,2015q3,1,371375
PYF,2015q1,1,359750
IRQ,2015q3,1,333495
ASM,2015q1,12,332513
GMB,2015q3,1,326710
IOT,2015q2,1,326167
GTM,2015q1,5,324567
LBN,2015q2,25,281180
ARM,2015q3,1,267772
TCA,2015q2,1,257393
BRB,2015q3,3,200872
MKD,2015q4,2,194890
IRQ,2015q2,1,180068
YEM,2015q2,1,168779
YEM,2015q4,3,163114
SYR,2015q4,2,161601
BOL,2015q4,2,161439
NAM,2015q1,3,155180
TCA,2015q4,5,153180
UMI,2015q4,1,153037
NRU,2015q3,1,150112
HTI,2015q4,2,144553
ALB,2015q2,1,138212
DOM,2015q1,1,117658
SWZ,2015q4,1,107599
SLE,2015q3,3,105698
GNQ,2015q1,1,103418
FSM,2015q4,2,102154
MDG,2015q1,1,94603
MKD,2015q3,1,86640
KNA,2015q3,1,83070
VEN,2015q4,2,80776
NER,2015q4,1,80418
BOL,2015q2,1,78574
ZAR,2015q2,1,65285
MCO,2015q4,1,61383
BRB,2015q1,3,60665
RWA,2015q3,1,58770
BWA,2015q3,2,55743
LBY,2015q2,1,52124
NPL,2015q4,5,51485
UGA,2015q3,1,51119
HTI,2015q3,1,46115
FJI,2015q3,2,39407
MNP,2015q4,6,34731
SEN,2015q4,4,33022
BEN,2015q4,1,30824
VIR,2015q3,1,29651
GUF,2015q2,1,29039
SLE,2015q1,1,26537
WSM,2015q4,1,26493
AFG,2015q4,2,20833
MNP,2015q3,5,17850
TGO,2015q4,1,15445
LSO,2015q3,1,13160
CPV,2015q4,1,10027
SLE,2015q2,1,8974
LAO,2015q4,1,4190
MNG,2015q2,2,4073
TTO,2015q4,1,3761
UGA,2015q4,1,3746
VEN,2015q3,1,2496
TJK,2015q4,1,1683
MNG,2015q3,1,892
