countryorigin_iso3,2015q1,2015q2,2015q3,2015q4,Total
AFG,,,567713.0,20833.0,588546
AGO,,,11752842.0,,11752842
AIA,,,1429763.0,4690247.0,6120010
ALB,,138212.0,947695.0,3269863.0,4355770
AND,,1551437.0,4748724.0,9928679.0,16228840
ANT,40935635.0,32456819.0,215604087.0,104866605.0,393863146
ARE,11431551322.0,5646696620.0,8342974991.0,4224540856.0,29645763789
ARG,2034265814.0,881072869.0,3759536666.0,6538448145.0,13213323494
ARM,,,267772.0,730770.0,998542
ASM,332513.0,,625411.0,1617296.0,2575220
ATA,,,594836.0,,594836
ATF,,,2692682.0,,2692682
ATG,,,,1309184.0,1309184
AUS,9928291626.0,11511142529.0,9507575278.0,9056357565.0,40003366998
AUT,277545663.0,824561897.0,1197974124.0,1486336046.0,3786417730
AZE,2654770.0,737227.0,3200070.0,403580.0,6995647
BEL,2570232723.0,3149865814.0,3726978977.0,4570742624.0,14017820138
BEN,,,,30824.0,30824
BGD,389564423.0,325632512.0,461105608.0,344143614.0,1520446157
BGR,309191343.0,280645773.0,234352255.0,434577918.0,1258767289
BHR,16699764.0,15861757.0,35636458.0,25480357.0,93678336
BIH,2753530.0,4924137.0,18134163.0,22461876.0,48273706
BLR,102396905.0,222415421.0,109562693.0,211811854.0,646186873
BLZ,1271144.0,2582168.0,2929994.0,2478223.0,9261529
BOL,,78574.0,1316648.0,161439.0,1556661
BRA,4499313946.0,3148858224.0,6820923903.0,7734163603.0,22203259676
BRB,60665.0,,200872.0,3743707.0,4005244
BRN,34677023.0,56541702.0,150993342.0,3955174.0,246167241
BWA,,,55743.0,,55743
CAF,,,443357.0,,443357
CAN,3910780984.0,6876432530.0,6559492894.0,4818628271.0,22165334679
CHE,4472817400.0,4122182124.0,4317356162.0,4508985341.0,17421341027
CHL,433292326.0,442740215.0,259904669.0,192302466.0,1328239676
CHN,140597102378.0,137224103239.0,182891830633.0,190892099172.0,651605135422
CIV,,3658244.0,1050125.0,5426055.0,10134424
CMR,2280461.0,1568342.0,803306.0,1801180.0,6453289
COL,130765388.0,135296378.0,156803332.0,179615032.0,602480130
CPV,,,,10027.0,10027
CRI,37746448.0,47649412.0,64068811.0,57784408.0,207249079
CUB,2885740.0,1654314.0,41426937.0,38305184.0,84272175
CXR,,,902440.0,791253.0,1693693
CYM,712756.0,7025857.0,24391113.0,30504538.0,62634264
CYP,58004796.0,31234896.0,15858668.0,34947300.0,140045660
CZE,121007355.0,361676507.0,867501786.0,922422007.0,2272607655
DEU,17283603811.0,18648834361.0,30133419280.0,17974739036.0,84040596488
DMA,,,4406190.0,,4406190
DNK,1302171623.0,1099720654.0,1410792184.0,1659491398.0,5472175859
DOM,117658.0,2846670.0,1338150.0,135364984.0,139667462
DZA,,,147402169.0,151096158.0,298498327
ECU,2083741.0,6726633.0,96870123.0,112615328.0,218295825
EGY,53339281.0,85756159.0,61754221.0,16881782.0,217731443
ESP,3940002886.0,5053260363.0,5411847703.0,4322128391.0,18727239343
EST,5236194.0,6846886.0,10638165.0,31993307.0,54714552
ETH,19385379.0,4626909.0,7496956.0,1535022.0,33044266
FIN,1839871747.0,2294855167.0,2943145950.0,1658748612.0,8736621476
FJI,473476.0,513071.0,39407.0,47360332.0,48386286
FLK,3056506.0,,,,3056506
FRA,15418483255.0,6967073736.0,11988467037.0,10263891533.0,44637915561
FRO,1755256.0,1964737.0,3490717.0,,7210710
FSM,,,,102154.0,102154
GAB,1580123.0,,7829157.0,881001.0,10290281
GBR,3613514201.0,5712720951.0,7195072027.0,6182311622.0,22703618801
GEO,19303378.0,17572626.0,9676508.0,11367989.0,57920501
GHA,,2163970.0,480852.0,17963031.0,20607853
GMB,,,326710.0,,326710
GNQ,103418.0,,,,103418
GRC,78550603.0,64854731.0,120394065.0,138973260.0,402772659
GRL,,2867563.0,,,2867563
GTM,324567.0,8740884.0,23253026.0,15890501.0,48208978
GUF,,29039.0,,,29039
GUM,4125960.0,16918190.0,25851070.0,19794221.0,66689441
GUY,14647583.0,,9131188.0,,23778771
HKG,10106070971.0,14965857843.0,30660673952.0,30333437593.0,86066040359
HND,2806306.0,3973799.0,38806070.0,2711067.0,48297242
HRV,60260365.0,170970763.0,30012042.0,125571395.0,386814565
HTI,474397.0,,46115.0,144553.0,665065
HUN,123151777.0,141405756.0,101539245.0,222910986.0,589007764
IDN,35717431606.0,40265286655.0,45549200628.0,41401926558.0,162933845447
IND,15245769580.0,12261233533.0,18582860379.0,18166978825.0,64256842317
IOT,,326167.0,,,326167
IRL,1656032918.0,1424859848.0,1355050355.0,1199223324.0,5635166445
IRN,464600937.0,1223097790.0,23502745.0,10658017.0,1721859489
IRQ,,180068.0,333495.0,,513563
ISL,43502406.0,9657721.0,1778679.0,6476669.0,61415475
ISR,416630605.0,1047623938.0,1319455171.0,1626024838.0,4409734552
ITA,5274252202.0,5554118168.0,5444578014.0,8108693172.0,24381641556
JAM,5934606.0,3304446.0,2799041.0,1906311.0,13944404
JOR,61886142.0,98852996.0,102629455.0,35133984.0,298502577
JPN,38812771914.0,44799078950.0,105858962864.0,115091693695.0,304562507423
KAZ,,,,4141364.0,4141364
KEN,253793655.0,93250630.0,58958495.0,40074338.0,446077118
KGZ,12627560.0,10325832.0,3914414.0,,26867806
KHM,118713620.0,188146363.0,239864555.0,357859048.0,904583586
KIR,,,23251743.0,,23251743
KNA,,,83070.0,,83070
KOR,43360543137.0,54880585970.0,86463291845.0,82102853072.0,266807274024
KWT,49399483.0,4148084201.0,20392828529.0,26302240094.0,50892552307
LAO,518402.0,4161497.0,12530746.0,4190.0,17214835
LBN,8327844.0,281180.0,6755391.0,4121163.0,19485578
LBR,,659593.0,672929.0,,1332522
LBY,495947.0,52124.0,,,548071
LIE,,22768474.0,47212563.0,30485141.0,100466178
LKA,608277582.0,257089548.0,103119352.0,97437422.0,1065923904
LSO,1742543.0,,13160.0,688955.0,2444658
LTU,34612744.0,72662757.0,32439634.0,50217150.0,189932285
LUX,34344944.0,6030055.0,23383041.0,25148551.0,88906591
LVA,549004.0,12431222.0,4355250.0,17072987.0,34408463
MAC,325514785.0,159424700.0,205444238.0,24773805.0,715157528
MANY,2628074491.0,3095080456.0,4466527678.0,5436554843.0,15626237468
MAR,15385069.0,46486611.0,45116201.0,75724769.0,182712650
MCO,,,,61383.0,61383
MDA,35809962.0,8242738.0,3867852.0,,47920552
MDG,94603.0,498476.0,371375.0,589930.0,1554384
MDV,1664559.0,929194.0,1450424.0,1053194.0,5097371
MEX,627624321.0,864127445.0,1172302290.0,1738528309.0,4402582365
MHL,67471273.0,117417414.0,10260404.0,24856891.0,220005982
MKD,,,86640.0,194890.0,281530
MLI,,,481375.0,1859300.0,2340675
MLT,1477334.0,33358472.0,122684020.0,89374051.0,246893877
MMR,211581052.0,298666842.0,177486258.0,157311926.0,845046078
MNG,,4073.0,892.0,12109756.0,12114721
MNP,,,17850.0,34731.0,52581
MOZ,21779176.0,21969059.0,27855411.0,17533356.0,89137002
MUS,3076379.0,5025476.0,27703971.0,29420528.0,65226354
MWI,40566460.0,17579524.0,76554146.0,46046939.0,180747069
MYS,42255779888.0,33549591914.0,43306841496.0,42629682032.0,161741895330
NAM,155180.0,,14308086.0,9114315.0,23577581
NCL,,,994870.0,2920753.0,3915623
NER,,,,80418.0,80418
NFK,23513392.0,5138558.0,4086670.0,8206372.0,40944992
NGA,448317670.0,810823474.0,1141672855.0,451301364.0,2852115363
NIC,1753665.0,1963648.0,3185203.0,3949583.0,10852099
NLD,4907328727.0,5436519252.0,5680161009.0,6472621915.0,22496630903
NOR,527946521.0,636464972.0,376863598.0,343632291.0,1884907382
NPL,,,692524.0,51485.0,744009
NRU,,,150112.0,,150112
NTZ,58460430.0,71804159.0,21773338.0,14575100.0,166613027
NZL,6525698691.0,6230960957.0,5087894324.0,4050201275.0,21894755247
OMN,240390298.0,129701160.0,84112147.0,57672534.0,511876139
PAK,1164066390.0,1035845961.0,1783649408.0,1076006900.0,5059568659
PAN,4018916.0,1708351.0,2789033.0,107013085.0,115529385
PER,82112854.0,64814200.0,57168528.0,135736596.0,339832178
PLW,,,654162.0,,654162
PNG,879008556.0,1013404405.0,1123674554.0,1546211051.0,4562298566
POL,443930106.0,299398354.0,390728554.0,286144194.0,1420201208
PRI,1345340.0,10701128.0,55089532.0,108172819.0,175308819
PRK,1155235850.0,1623069933.0,1251683652.0,488968161.0,4518957596
PRT,32482413.0,27541819.0,95738785.0,68708742.0,224471759
PRY,1461760.0,41841128.0,7799480.0,144158020.0,195260388
PYF,359750.0,,,,359750
QAT,9150584695.0,10091029353.0,7438887423.0,3806632486.0,30487133957
ROU,53166097.0,35369095.0,69882647.0,32106543.0,190524382
RUS,8418215403.0,7356561944.0,5659047238.0,11503134446.0,32936959031
RWA,,,58770.0,,58770
SAU,28887788740.0,58017821645.0,45166931780.0,26824370206.0,158896912371
SDN,,,1866505.0,,1866505
SEN,,,,33022.0,33022
SGP,47922905422.0,51145417814.0,64712088034.0,66319437226.0,230099848496
SLB,66447940.0,21628540.0,339868716.0,170050897.0,597996093
SLE,26537.0,8974.0,105698.0,1422141.0,1563350
SLV,4214590.0,4052835.0,3000805.0,2484788.0,13753018
SRB,,922778.0,10436379.0,2793252.0,14152409
SUR,,,,1323213.0,1323213
SVK,7170690.0,44442742.0,35847827.0,31851600.0,119312859
SVN,26214285.0,62694017.0,54175543.0,117952026.0,261035871
SWE,1787642641.0,1428578572.0,1949306488.0,1525031026.0,6690558727
SWZ,,3997960.0,782172.0,107599.0,4887731
SYC,127908229.0,63751695.0,64895608.0,28251825.0,284807357
SYR,,,4372548.0,161601.0,4534149
TCA,1179955.0,257393.0,11668619.0,153180.0,13259147
TCD,1218043.0,,5103149.0,,6321192
TGO,,,3952233.0,15445.0,3967678
THA,55159486010.0,54408263773.0,65627656768.0,76944045323.0,252139451874
TJK,,,,1683.0,1683
TON,,,11276837.0,,11276837
TTO,,,,3761.0,3761
TUN,1558166.0,8939309.0,37124488.0,38678418.0,86300381
TUR,1151273781.0,1048178217.0,1348103610.0,1752743550.0,5300299158
TWN,45267627719.0,54377520333.0,77972760677.0,67355379220.0,244973287949
TZA,15381360.0,27677277.0,78452765.0,17862816.0,139374218
UGA,2308446.0,765613.0,51119.0,3746.0,3128924
UKR,2139947770.0,888671729.0,914019816.0,3350729046.0,7293368361
UMI,,,,153037.0,153037
URY,774957780.0,1044527093.0,1467503060.0,920415280.0,4207403213
USA,49519502761.0,62229399976.0,89082158219.0,90690074518.0,291521135474
UZB,,1314503.0,,,1314503
VEN,11727381.0,,2496.0,80776.0,11810653
VGB,6240624.0,42392318.0,5020216.0,44470494.0,98123652
VIR,2147612.0,1612618.0,29651.0,805756.0,4595637
VNM,13696150315.0,19766179120.0,23031505755.0,25066567110.0,81560402300
VUT,,,62165546.0,47690229.0,109855775
WSM,,,,26493.0,26493
YEM,,168779.0,,163114.0,331893
ZAF,652523252.0,592767299.0,945248670.0,653652723.0,2844191944
ZAR,,65285.0,182729512.0,3613885.0,186408682
ZMB,8292766.0,26435395.0,32348410.0,75552495.0,142629066
ZWE,25992484.0,12082231.0,43934402.0,10984853.0,92993970
Total,705109676039.0,775439837015.0,1059116836509.0,1047601025694.0,3587267375257
